year,road,seasonalimpact,demand,wttons,labour,toll,distance,fuelcost,miscellaneous,tariff
2013,nh,yes,high,10,750,8200,1460,23534,9000,17950
2013,nh,yes,high,14.8,1110,8600,1360,22184,10000,19710
2013,nh,yes,high,12,900,8300,1310,21476,9400,18600
2013,nh,yes,high,10,750,2400,650,10473,6000,9150
2013,nh,yes,high,8,600,3500,560,9417,5600,9700
2013,nh,yes,high,20,1500,8900,1500,24800,11000,21400
2013,nh,yes,normal,20,1400,375,160,2570,7500,9275
2013,nh,yes,high,18,1350,1100,220,3501,7600,10050
2013,nh,no,less,6,390,2000,577,9600,4200,6590
2013,nh,yes,normal,10,700,2400,560,9295,5500,8600
2013,nh,yes,high,8,600,2000,420,6944,5600,8200
2013,nh,yes,high,21,1575,6120,1100,17880,11200,18895
2013,nh,yes,high,18,1350,8100,1440,22990,10600,20050
2013,sh,yes,high,16,1200,250,750,12490,7200,8650
2013,nh,yes,high,20,1500,7000,625,9899,8000,16500
2013,nh,yes,high,15,1125,19000,2731,44591,12000,32125
2013,sh,yes,normal,13,910,395,314,5224,6100,7405
2013,nh,yes,normal,14,980,8400,1243.1,20444,8800,18180
2013,nh,yes,high,14,1050,8400,1232,20386,9800,19250
2013,sh,yes,high,8,600,200,350,5983,5600,6400
2013,nh,yes,normal,7,490,4500,697.8,11502,4900,9890
2013,nh,yes,high,7,525,4500,699,11522,5400,10425
2013,sh,yes,high,8,600,200,350,5982,5600,6400
2013,sh,yes,normal,8,560,200,350,5982,5100,5860
2013,nh,yes,high,19,1425,5000,850,13768,7800,14225
2013,nh,yes,high,17,1275,5800,1073,17617,10400,17475
2013,nh,yes,high,14.5,1088,2900,605,10060,6900,10888
2013,nh,yes,high,20,1500,3500,620,10311,8000,13000
2013,nh,yes,high,13,975,9000,1674,26802,9600,19575
2013,nh,yes,high,11,825,2900,329,5326,6200,9925
2013,nh,yes,high,9,675,1900,544,8949,5800,8375
2013,sh,yes,high,17,1275,580,1007,16767,11400,13255
2013,sh,yes,high,19,1425,580,1007,16767,11800,13805
2013,nh,yes,normal,13,910,700,230,3620,6100,7710
2013,sh,yes,normal,9,630,0,240,4027,5300,5930
2013,nh,yes,normal,15,1050,3600,587,9636,6500,11150
2013,nh,yes,normal,16.4,1148,4625,802,13171,6780,12553
2013,nh,yes,normal,15.8,1106,5150,969,15960,6660,12916
2013,nh,yes,normal,7,490,900,398,5870,4900,6290
2013,nh,yes,normal,16,1120,8700,1191,19604,9200,19020
2013,nh,yes,normal,18,1260,7000,1000,16840,9600,17860
2013,nh,yes,normal,11,770,2900,329,5326,5700,9370
2013,nh,yes,normal,12,840,1585,425,7082,5900,8325
2013,nh,yes,normal,17,1190,1300,496,7654,6900,9390
2013,nh,yes,normal,14,980,8700,1191,19604,8800,18480
2013,nh,yes,normal,8,560,980,212,3501,5100,6640
2013,nh,yes,normal,11.4,798,1980,403,6574,5780,8558
2013,sh,yes,normal,10,700,0,93,1556,5500,6200
2013,nh,yes,normal,12,840,2600,456,7503,5900,9340
2013,nh,yes,normal,10.4,728,1100,280,4613,5580,7408
2013,nh,yes,normal,7.8,546,855,246,4086,5060,6461
2013,nh,yes,normal,9.6,672,1290,264,4400,5420,7382
2013,nh,yes,normal,10.8,756,1624,234,3719,5660,8040
2013,nh,yes,normal,12.4,868,930,176,2927,5980,7778
2013,nh,yes,normal,11.8,826,1545,240,3934,5860,8231
2013,nh,no,normal,11.8,826,1545,240,3934,5860,8231
2013,sh,no,normal,13.6,952,160,230,3839,6220,7332
2013,nh,no,normal,8,560,980,212,3501,5100,6640
2013,nh,no,normal,16,1120,8100,1094,17964,9200,18420
2013,nh,no,normal,18,1260,6300,1024,17200,9600,17160
2013,sh,no,less,8,520,240,437,7712,4600,5360
2013,nh,no,less,9,585,4122,798,13347,4800,9507
2013,sh,no,less,10,520,240,437,7712,4600,5360
2013,nh,no,less,7.4,481,2250,614,10841,4480,7211
2013,sh,no,less,6,390,0,77,1362,4200,4590
2013,nh,no,less,9,585,460,240,4214,4800,5845
2013,nh,no,less,9.8,637,2770,590,10376,4960,8367
2013,nh,no,less,6.8,442,3400,758,13341,4360,8202
2013,sh,no,less,6,390,0,152,2684,4200,4590
2013,nh,yes,less,6,390,0,156,2742,4200,4590
2013,nh,yes,less,8,520,900,387,6589,4600,6020
2013,nh,yes,less,10,650,1100,182,3094,5000,6750
2013,sh,yes,less,7.8,507,0,81,1358,4560,5067
2013,nh,no,less,8.8,572,3840,576,10113,4760,9172
2013,nh,no,less,9.2,598,4122,798,13347,4840,9560
2013,nh,no,less,10,520,3840,576,10113,5000,9360
2013,nh,no,less,12.4,806,2250,614,10841,5480,8536
2013,nh,no,less,12.4,806,3850,784,13842,5480,10136
2013,nh,no,less,13.2,858,3630,506,8960,5640,10128
2013,nh,no,less,14.8,962,6470,1045,18464,8460,15892
2013,nh,no,less,16.2,1053,4400,1063,18768,8740,14193
2013,sh,no,less,5.6,364,0,148,2627,4120,4484
2013,,,high,17,1275,580,1007,16767,11400,13255
2013,,,high,19,1425,580,1007,16767,11800,13805
2013,,yes,normal,13,910,700,230,3620,6100,7710
2013,,yes,normal,9,630,0,240,4027,5300,5930
2013,,yes,normal,15,1050,3600,587,9636,6500,11150
2013,,yes,normal,16.4,1148,4625,802,13171,6780,12553
2013,,yes,normal,15.8,1106,5150,969,15960,6660,12916
2013,,yes,normal,7,490,900,398,5870,4900,6290
2013,,yes,normal,16,1120,8700,1191,19604,9200,19020
2013,,yes,normal,18,1260,7000,1000,16840,9600,17860
2013,,yes,normal,11,770,2900,329,5326,5700,9370
2013,nh,,,12,840,1585,425,7082,5900,8325
2013,nh,,,17,1190,1300,496,7654,6900,9390
2013,,,,14,980,8700,1191,19604,8800,18480
2013,,,,8,560,980,212,3501,5100,6640
2013,,,,11.4,798,1980,403,6574,5780,8558
2013,,,normal,10,700,0,93,1556,5500,6200
2013,nh,yes,normal,12,840,2600,456,7503,5900,9340
2013,,yes,,10.4,728,1100,280,4613,5580,7408
2013,nh,yes,normal,7.8,546,855,246,4086,5060,6461
2013,nh,yes,normal,9.6,672,1290,264,4400,5420,7382
2013,,yes,,10.8,756,1624,234,3719,5660,8040
2013,nh,,,,868,930,176,2927,5980,7778
2013,,,less,6,390,0,77,1362,4200,4590
2013,,,less,9,585,460,240,4214,4800,5845
2013,,,less,9.8,637,2770,590,10376,4960,8367
2013,,,less,6.8,442,3400,758,13341,4360,8202
2013,sh,,less,6,390,0,152,2684,4200,4590
2013,nh,,less,8.8,572,3840,576,10113,4760,9172
2013,,,less,9.2,598,4122,798,13347,4840,9560
2013,nh,,less,10,520,3840,576,10113,5000,9360
2013,nh,,,12.4,806,2250,614,10841,5480,8536
2013,nh,,,12.4,806,3850,784,13842,5480,10136
2013,nh,,,13.2,858,3630,506,8960,5640,10128
2013,nh,,less,14.8,962,6470,1045,18464,8460,15892
2013,,,less,16.2,1053,4400,1063,18768,8740,14193
2014,nh,yes,high,15,1350,2250,725,13850,8175,11775
2014,nh,yes,high,14,1260,6500,1110,20937,11150,18910
2014,nh,yes,high,17,1530,2250,275,5231,8625,12405
2014,nh,yes,high,18,1620,7320,598,11344,8850,17790
2014,nh,yes,high,12,1080,8400,1269.2,22771,10700,20180
2014,sh,yes,normal,7.6,608,0,148.4,2835,6510,7118
2014,sh,yes,normal,9.8,784,0,80,1527,7005,7789
2014,nh,yes,high,10.6,954,1200,182.1,3476,7185,9339
2014,nh,yes,high,13,1170,5620,916,17480,7725,14515
2014,nh,yes,high,18,1620,8400,1468,27789,12050,22070
2014,nh,yes,high,17.6,1584,5550,1129,21546,11960,19094
2014,nh,yes,high,16.4,1476,8220,1443.1,26953,11690,21386
2014,nh,yes,high,9.8,882,1175,571,10888,7005,9062
2014,nh,yes,high,10.6,954,2990,744,14008,7185,11129
2014,nh,yes,high,20,1800,3030,688,12916,9300,14130
2014,nh,yes,high,11,990,1150,460,8738,7275,9415
2014,nh,yes,high,7,630,650,175,3927,6375,7655
2014,nh,yes,high,12,1080,3400,586,10928,7500,11980
2014,sh,yes,high,9.6,864,0,126,2402,6960,7824
2014,sh,yes,high,8.8,792,260,158,3011,6780,7832
2014,sh,yes,high,4,360,0,83,1578,5700,6060
2014,nh,yes,normal,10,800,500,136,2595,6450,7750
2014,nh,yes,normal,14.96,1197,2680,365,6942,7566,11443
2014,nh,yes,normal,16.2,1296,3100,375,7048,7845,12241
2014,nh,yes,normal,11.6,928,3300,509,9479,6810,11038
2014,nh,yes,normal,14,1120,2925,464,8546,7350,11395
2014,nh,yes,normal,12,960,320,270,5165,6900,8180
2014,sh,yes,normal,5,400,0,71,1354,5325,5725
2014,sh,yes,normal,5,400,0,77,1453,5325,5725
2014,sh,yes,normal,5,400,0,82,1564,5325,5725
2014,nh,yes,normal,9.96,3000,776,14647,6441,,3776
2014,nh,yes,normal,9,720,3600,632,12042,6225,10545
2014,nh,yes,normal,10,800,7600,1213,22919,9050,17450
2014,nh,yes,normal,13,1040,6200,1001,19772,9725,16965
2014,nh,yes,normal,12,960,2340,542.3,10276,7500,10800
2014,nh,yes,normal,6.6,528,475,136,2591,5685,6688
2014,nh,yes,normal,7.8,624,450,106,2010,5955,7029
2014,sh,yes,normal,8.8,704,0,90,1704,6180,6884
2014,sh,yes,normal,6.4,512,0,118.4,2260,5640,6152
2014,nh,yes,less,13.4,938,1290,401,7624,6615,8843
2014,nh,yes,less,14.2,994,1250,631,12033,6795,9039
2014,nh,yes,less,15,1050,3020,803,15154,6975,11045
2014,sh,yes,less,11,770,0,93,1771,6075,6845
2014,nh,yes,less,7.8,546,1560,275,5212,5355,7461
2014,nh,yes,less,16,1120,6000,1194,22772,9600,16720
2014,nh,yes,less,15,1050,5600,1154,22500,9375,16025
2014,nh,yes,less,12,840,4200,576,10782,6300,11340
2014,nh,no,high,16,1440,1381,395,7672,8400,11221
2014,nh,no,high,16.6,1494,6400,1175,22979,11735,19629
2014,nh,no,high,11,990,9300,1500,29073,10475,20765
2014,nh,no,high,10.6,954,4600,761,14773,7185,12739
2014,nh,no,high,14,1260,1005,357,6963,7950,10215
2014,nh,no,high,10.2,918,1720,859,16854,7095,9733
2014,nh,no,high,6,540,540,136,2782,6150,7230
2014,nh,no,high,9.4,846,1295,213,4180,6915,9056
2014,nh,no,high,13.2,1188,620,253,5005,7770,9578
2014,nh,no,high,10,900,1381,395,7672,7050,9331
2014,nh,no,high,15.6,1404,6400,1030,19940,11510,19314
2014,nh,no,high,12,1080,1720,859,16854,7500,10300
2014,nh,no,high,16,1440,1381,395,7672,8400,11221
2014,sh,no,high,6.6,594,0,100,2054,6285,6879
2014,sh,no,high,11,990,1720,859,16854,7275,9985
2014,nh,no,normal,16,1280,1381,395,7672,7800,10461
2014,nh,no,normal,11.6,928,6400,1175,22979,11135,18463
2014,sh,no,normal,11,880,0,179,3526,6675,7555
2014,sh,no,normal,9,720,90,247,4884,6225,7035
2014,sh,no,normal,4,320,90,124,2445,5100,5510
2014,nh,no,normal,10.2,816,1720,867,17854,6495,9031
2014,nh,no,normal,12,960,540,136,2782,6900,8400
2014,nh,no,normal,8.4,672,4000,648,12725,6090,10762
2014,nh,no,normal,5.2,416,680,207,4077,5370,6466
2014,nh,no,normal,10,800,1381,395,7672,6450,8631
2014,nh,no,normal,17.8,1424,4000,577,11291,8205,13629
2014,nh,no,less,9.4,658,395,156,3078,5715,6768
2014,sh,no,less,6.6,462,0,48,957,5085,5547
2014,nh,no,less,10.2,714,760,343,6765,5895,7369
2014,nh,no,less,11.8,826,1258,604,11929,6255,8339
2014,sh,no,less,9.2,644,0,521,10305,5670,6314
2014,sh,no,less,8.4,588,125,380,7510,5490,6203
2014,nh,no,less,14,980,5100,906,17647,6750,12830
2014,nh,no,less,14,980,2400,1225,23923,9150,12530
2014,nh,no,less,16,1120,7500,1400,27083,9600,18220
2014,sh,no,less,5.2,364,0,86,1687,4770,5134
2014,sh,no,less,5.06,307,760,343,6765,4738,5805
2014,nh,no,less,19,1330,11600,1726,33453,10275,23205
2014,nh,no,less,10,700,240,195,3821,5850,6790
2014,nh,,high,9.8,882,1175,571,10888,7005,9062
2014,nh,,high,10.6,954,2990,744,14008,7185,11129
2014,nh,,high,20,1800,3030,688,12916,9300,14130
2014,nh,,high,11,990,1150,460,8738,7275,9415
2014,,,high,7,630,650,175,3927,6375,7655
2014,,,high,12,1080,3400,586,10928,7500,11980
2014,,,high,9.6,864,0,126,2402,6960,7824
2014,,,,8.8,792,260,158,3011,6780,7832
2014,,,,4,360,0,83,1578,5700,6060
2014,,,,10,800,500,136,2595,6450,7750
2014,,,normal,14.96,1197,2680,365,6942,7566,11443
2014,,,normal,16.2,1296,3100,375,7048,7845,12241
2014,,,normal,12,960,2340,542.3,10276,7500,10800
2014,,,normal,6.6,528,475,136,2591,5685,6688
2014,,yes,,7.8,624,450,106,2010,5955,7029
2014,,yes,,8.8,704,0,90,1704,6180,6884
2014,,yes,,6.4,512,0,118.4,2260,5640,6152
2014,,yes,,13.4,938,1290,401,7624,6615,8843
2014,,yes,,14.2,994,1250,631,12033,6795,9039
2014,,yes,,15,1050,3020,803,15154,6975,11045
2014,,yes,,11,770,0,93,1771,6075,6845
2014,,yes,,7.8,546,1560,275,5212,5355,7461
2014,,,high,10.6,954,4600,761,14773,7185,12739
2014,,,high,14,1260,1005,357,6963,7950,10215
2014,,,high,10.2,918,1720,859,16854,7095,9733
2014,,,high,6,540,540,136,2782,6150,7230
2014,,no,,9.4,846,1295,213,4180,6915,9056
2014,,no,,8.4,672,4000,648,12725,6090,10762
2014,,no,,5.2,416,680,207,4077,5370,6466
2014,,,normal,10,800,1381,395,7672,6450,8631
2014,,,normal,17.8,1424,4000,577,11291,8205,13629
2014,,,less,9.4,658,395,156,3078,5715,6768
2014,,,less,6.6,462,0,48,957,5085,5547
2014,nh,,,10.2,714,760,343,6765,5895,7369
2014,nh,,,11.8,826,1258,604,11929,6255,8339
2015,nh,yes,high,20,2200,9760,1354,26856,13800,25760
2015,nh,yes,high,15,1650,3120,777,15414,9350,14120
2015,nh,yes,high,14,1540,3325,584,11479,9100,13965
2015,nh,yes,high,12,1320,3120,777,15414,8600,13040
2015,nh,yes,high,10,1100,840,342,6876,8100,10040
2015,nh,yes,high,13,1430,1507,659,13238,8850,11787
2015,nh,yes,high,11,1210,1360,374,7479,8350,10920
2015,nh,yes,high,12,1320,1360,374,7479,8600,11280
2015,nh,yes,high,10.8,1188,2603,389,7801,8300,12091
2015,nh,yes,high,9.8,1078,1197,171,3434,8050,10325
2015,nh,yes,high,11,1210,1360,374,7479,8350,10920
2015,sh,yes,high,6,660,0,77,1546,7100,7760
2015,sh,yes,high,5,550,0,93,1866,6850,7400
2015,sh,yes,high,6,660,0,92,1846,7100,7760
2015,sh,yes,high,4,440,0,79,1592,6600,7040
2015,nh,yes,normal,10,900,1360,301,6002,7500,9760
2015,nh,yes,normal,11.2,1008,1895,375,7541,7800,10703
2015,nh,yes,normal,18,1620,3095,729,14492,9500,14215
2015,nh,yes,normal,13.6,1224,3120,747,14778,8400,12744
2015,sh,yes,normal,9.8,882,0,77,1546,7450,8332
2015,nh,yes,normal,12,1080,2160,558,11094,8000,11240
2015,nh,yes,normal,10.8,1188,2603,389,7801,8300,12091
2015,nh,yes,normal,8.8,792,1740,274,5455,7200,9732
2015,nh,yes,normal,10.4,936,900,269,5336,7600,9436
2015,sh,yes,normal,6,540,0,77,1546,6500,7040
2015,sh,yes,normal,5,450,0,93,1866,6250,6700
2015,sh,yes,low,6,510,0,92,1846,5500,6010
2015,sh,yes,low,4,340,0,79,1592,5000,5340
2015,nh,yes,low,10,850,1360,301,6002,6500,8710
2015,nh,yes,low,11.2,952,1895,375,7541,6800,9647
2015,nh,yes,low,18,1530,3095,729,14492,8500,13125
2015,nh,no,high,14,1540,2695,502,10083,9100,13335
2015,nh,no,high,12,1320,4085,828,16616,8600,14005
2015,nh,no,high,12.4,1364,8420,1277,26649,11900,21684
2015,nh,no,high,10,1100,8400,1277,26616,8100,17600
2015,nh,no,high,13.4,1139,6095,1296,26719,12150,19384
2015,nh,no,normal,8.8,968,5355,767,15676,6200,12523
2015,nh,no,normal,9.8,1078,5355,767,15676,8050,14483
2015,nh,no,normal,10,1100,5355,767,15676,8100,14555
2015,nh,no,low,14,1190,2695,502,10083,7500,11385
2015,nh,no,low,12,1020,4085,828,16616,7000,12105
2015,nh,no,low,12.4,1054,8420,1277,26649,9700,19174
2015,yes,high,6,660,0,77,1546,7100,,77
2015,,yes,high,5,550,0,93,1866,6850,7400
2015,sh,yes,,6,660,0,92,1846,7100,7760
2015,sh,yes,,4,440,0,79,1592,6600,7040
2015,,yes,normal,10,900,1360,,6002,7500,9760
2015,,yes,normal,11.2,1008,1895,,7541,7800,10703
2015,nh,yes,,18,1620,3095,,14492,9500,14215
2015,nh,yes,,13.6,1224,3120,,14778,8400,12744
2011,nh,yes,high,971,242,51,183,778,19,797.5
2016,,yes,high,843,299,53,89,774,26,799.5
2012,nh,yes,normal,346,239,97,123,509,13,522
2017,nh,yes,high,670,117,20,129,472,14,486
2016,sh,yes,less,304,161,51,146,364,15,379
2024,,yes,less,511,199,63,108,518,19,536.5
2020,,yes,normal,766,291,56,132,730,10,740
2024,sh,yes,normal,307,100,83,173,337,8,344.5
2023,nh,yes,less,693,138,72,160,557,20,576.5
2011,,yes,less,167,119,66,146,269,14,282.5
2013,nh,yes,normal,147,167,38,93,279,16,294.5
2023,sh,yes,less,572,187,65,165,538,16,554
2023,sh,yes,less,226,267,30,157,410,12,422
2019,,yes,less,259,167,60,146,357,30,386.5
2015,sh,yes,high,730,266,28,168,659,28,687
2020,sh,no,high,163,193,84,192,359,6,364.5
2021,nh,no,normal,901,103,29,133,583,29,611.5
2024,sh,no,normal,362,259,54,72,494,10,504
2024,,yes,less,131,149,48,56,263,22,284.5
2015,,yes,less,555,155,51,64,484,25,508.5
2019,,yes,high,360,185,77,157,442,17,459
2023,sh,yes,high,720,109,37,143,506,23,529
2017,sh,yes,less,487,201,89,96,534,14,547.5
2015,sh,yes,high,979,108,81,91,679,7,685.5
2024,sh,yes,less,605,100,53,132,456,24,479.5
2017,nh,yes,high,229,204,21,105,340,12,351.5
2022,sh,yes,normal,831,100,54,109,570,5,574.5
2019,nh,yes,less,789,234,66,173,695,16,710.5
2013,sh,yes,high,947,227,59,108,760,25,784.5
2017,sh,yes,normal,177,151,68,129,308,29,336.5
2013,nh,yes,high,465,116,59,98,408,20,427.5
2015,,yes,high,219,115,31,77,256,26,281.5
2017,nh,yes,normal,659,131,69,116,530,18,547.5
2020,sh,yes,less,760,233,62,106,675,28,703
2015,sh,yes,normal,337,181,43,192,393,8,400.5
2024,,yes,high,691,206,23,162,575,12,586.5
2024,nh,yes,less,830,271,56,64,742,8,750
2018,nh,yes,less,136,293,86,174,447,5,452
2015,nh,yes,high,681,284,85,170,710,26,735.5
2012,nh,yes,normal,721,157,81,89,599,10,608.5
2014,,yes,normal,985,156,99,198,748,14,761.5
2011,,yes,high,745,185,39,119,597,23,619.5
2023,,yes,normal,917,294,75,141,828,6,833.5
2022,sh,yes,high,747,226,65,60,665,10,674.5
2013,,yes,less,331,113,89,52,368,22,389.5
2022,sh,yes,less,248,193,40,127,357,18,375
2010,sh,yes,high,291,273,43,145,462,11,472.5
2020,,yes,high,803,225,35,155,662,21,682.5
2014,nh,yes,high,485,299,65,145,607,6,612.5
2013,nh,yes,less,395,221,48,148,467,21,487.5
2023,,yes,normal,937,145,26,69,640,8,647.5
2021,sh,yes,normal,549,105,46,91,426,27,452.5
2014,nh,yes,high,616,185,46,117,539,8,547
2013,,yes,high,932,163,59,71,688,27,715
2020,nh,yes,high,413,276,20,62,503,29,531.5
2010,sh,yes,high,146,242,61,61,376,29,405
2013,nh,yes,high,610,297,79,79,681,12,693
2011,nh,yes,normal,372,108,93,53,387,6,393
2022,nh,yes,high,416,293,58,178,559,11,570
2013,sh,yes,less,325,184,26,74,373,23,395.5
2013,nh,yes,normal,973,148,70,160,705,13,717.5
2022,sh,yes,high,557,178,54,198,511,5,515.5
2020,sh,yes,normal,810,274,85,90,764,6,770
2015,nh,yes,less,868,157,64,171,655,13,668
2022,sh,yes,normal,975,176,93,54,757,30,786.5
2022,,yes,high,793,268,51,63,716,5,720.5
2010,sh,yes,less,766,169,56,65,608,20,628
2018,sh,yes,less,699,108,29,122,487,7,493.5
2016,nh,yes,less,801,267,71,162,739,28,766.5
2014,nh,yes,less,807,136,31,106,571,7,577.5
2022,,yes,normal,642,127,39,100,487,21,508
2010,sh,no,high,269,116,55,193,306,7,312.5
2021,sh,no,high,567,257,96,114,637,28,664.5
2024,,no,high,409,178,34,75,417,29,445.5
2012,nh,no,high,584,224,37,77,553,25,578
2010,,yes,high,150,244,100,150,419,25,444
2010,sh,yes,normal,617,276,44,198,629,30,658.5
2024,sh,yes,less,379,249,48,70,487,27,513.5
2013,nh,yes,less,152,257,36,173,369,27,396
2013,sh,yes,less,106,138,69,157,260,19,279
2015,,yes,less,774,155,54,57,596,28,624
2010,sh,yes,less,185,267,51,169,411,12,422.5
2023,sh,yes,high,219,231,64,187,405,6,410.5
2022,nh,yes,less,617,104,89,174,502,13,514.5
2020,nh,yes,high,139,150,64,74,284,14,297.5
2014,nh,yes,high,547,127,75,158,476,27,502.5
2020,nh,yes,normal,681,203,40,57,584,22,605.5
2010,sh,yes,less,180,232,22,172,344,23,367
2014,sh,yes,high,341,291,85,195,547,29,575.5
2014,,yes,less,296,163,68,66,379,23,402
2022,nh,yes,normal,340,244,55,115,469,23,492
2017,,yes,less,788,105,26,161,525,15,540
2018,,yes,normal,197,174,55,152,328,18,345.5
2022,,yes,less,492,242,93,115,581,11,592
2013,nh,yes,high,554,147,62,99,486,11,497
2018,sh,yes,less,774,171,85,126,643,11,654
2023,,yes,normal,574,215,53,87,555,22,577
2024,sh,yes,normal,168,150,40,138,274,10,284
2016,nh,yes,high,423,192,96,64,500,21,520.5
2014,nh,yes,normal,665,240,93,53,666,30,695.5
2019,,yes,high,566,235,77,125,595,6,601
2017,sh,yes,less,141,285,27,121,383,13,395.5
2017,nh,yes,high,951,273,85,81,834,29,862.5
2022,,yes,high,966,196,81,136,760,17,777
2019,sh,yes,high,702,222,82,58,655,27,682
2023,nh,yes,high,132,148,83,158,297,27,324
2017,sh,yes,high,454,184,70,147,481,5,486
2021,nh,yes,high,461,119,86,195,436,7,442.5
2024,sh,yes,less,216,289,42,144,439,12,451
2022,sh,yes,less,426,153,82,76,448,12,460
2014,nh,yes,less,609,122,24,95,451,15,465.5
2012,,yes,normal,972,171,76,122,733,13,746
2015,nh,yes,normal,267,138,53,139,325,22,346.5
2010,sh,yes,less,885,272,37,143,752,10,761.5
2019,nh,yes,less,739,179,61,189,610,29,638.5
2011,sh,yes,less,944,159,58,163,689,12,701
2024,nh,yes,high,582,236,25,200,552,16,568
2021,,yes,normal,413,289,60,66,556,29,584.5
2014,,yes,normal,595,206,75,194,579,16,594.5
2012,,yes,less,526,290,52,60,605,30,635
2015,sh,yes,normal,221,196,84,77,391,5,395.5
2015,,yes,less,419,252,69,135,531,6,536.5
2016,sh,yes,normal,686,271,47,109,661,29,690
2018,,yes,high,534,187,46,94,500,7,507
2021,sh,yes,less,408,152,83,98,439,18,457
2017,sh,yes,high,564,282,53,170,617,14,631
2021,,yes,high,325,159,98,91,420,25,444.5
2014,,yes,high,186,144,91,176,328,13,341
2020,nh,yes,normal,189,279,96,77,470,16,485.5
2014,sh,yes,high,674,290,35,179,662,23,685
2018,nh,yes,high,748,117,48,145,539,14,553
2016,sh,yes,normal,521,271,20,125,552,12,563.5
2019,sh,yes,high,966,254,72,59,809,26,835
2015,sh,yes,normal,376,177,81,105,446,30,476
2011,nh,yes,less,663,269,23,89,624,18,641.5
2010,,yes,high,379,245,61,145,496,23,518.5
2018,,yes,less,365,162,45,142,390,12,401.5
2020,,yes,high,243,182,99,122,403,10,412.5
2016,,yes,normal,346,143,27,80,343,23,366
2015,sh,yes,less,914,129,86,87,672,21,693
2011,sh,yes,normal,411,116,40,112,362,17,378.5
2021,sh,yes,normal,693,264,26,101,637,13,649.5
2012,,yes,normal,782,138,69,152,598,14,612
2016,nh,yes,normal,295,237,57,71,442,11,452.5
2011,sh,yes,high,237,141,88,160,348,13,360.5
2016,nh,yes,high,824,109,33,176,554,27,581
2017,,yes,less,201,247,98,137,446,11,456.5
2022,nh,yes,normal,197,133,73,77,305,30,334.5
2017,nh,yes,normal,328,289,63,158,516,12,528
2022,nh,yes,high,824,113,71,134,596,26,622
2022,sh,yes,normal,694,103,56,93,506,20,526
2024,sh,yes,less,116,294,90,177,442,7,449
2011,nh,yes,high,179,256,36,95,382,10,391.5
2013,sh,yes,normal,578,184,33,157,506,17,523
2023,sh,yes,high,665,241,97,113,671,21,691.5
2018,sh,yes,normal,447,201,78,133,503,22,524.5
2014,,yes,normal,390,181,58,56,434,14,448
2023,,yes,less,528,182,84,122,530,5,535
2017,nh,yes,high,972,298,58,146,842,6,848
2010,nh,yes,high,243,226,20,91,368,15,382.5
2013,sh,yes,normal,893,132,43,166,622,5,626.5
2019,,yes,normal,699,286,82,171,718,15,732.5
2016,sh,yes,high,229,234,61,60,410,5,414.5
2020,sh,yes,normal,356,224,53,123,455,30,485
2022,sh,yes,less,837,293,27,197,739,7,745.5
2014,sh,yes,normal,363,170,55,153,407,18,424.5
2021,sh,yes,less,885,290,84,133,817,27,843.5
2016,sh,yes,normal,872,144,60,136,640,24,664
2014,nh,yes,less,749,271,99,98,745,16,760.5
2014,sh,yes,less,259,208,71,131,409,18,426.5
2018,,yes,high,144,216,52,111,340,6,346
2011,nh,yes,high,264,205,70,51,407,20,427
2021,,yes,less,332,225,37,83,428,27,455
2020,nh,yes,less,526,138,40,170,441,24,465
2019,,yes,less,269,149,79,85,363,20,382.5
2020,sh,yes,less,543,229,92,103,593,22,614.5
2016,,yes,normal,285,211,26,180,380,11,390.5
2021,,yes,normal,332,166,71,155,403,17,420
2017,nh,yes,normal,544,156,23,168,451,24,475
2024,sh,yes,less,143,173,48,62,293,6,298.5
2022,,yes,less,869,133,52,90,620,18,637.5
2024,nh,yes,less,482,142,47,85,430,27,457
2020,sh,yes,less,649,258,77,170,660,25,684.5
2019,nh,yes,normal,148,184,56,158,314,7,321
2016,nh,yes,less,829,220,24,75,659,26,684.5
2013,nh,yes,normal,758,127,41,156,547,17,564
2014,nh,yes,normal,731,168,59,69,593,10,602.5
2013,,yes,normal,650,179,33,115,537,26,563
2011,sh,yes,normal,272,292,75,175,503,16,519
2017,,yes,normal,732,172,89,129,627,21,648
2021,,yes,high,334,116,25,106,308,26,334
2013,nh,yes,normal,208,212,42,178,358,5,363
2021,,yes,high,895,101,99,60,648,24,671.5
2021,nh,yes,high,624,135,87,84,534,17,551
2012,,yes,high,160,281,51,71,412,21,433
2019,sh,yes,high,480,155,56,112,451,26,477
2015,sh,yes,high,396,226,27,126,451,26,477
2018,nh,yes,normal,646,195,71,184,589,7,596
2017,nh,yes,less,164,190,91,114,363,26,389
2018,sh,yes,less,942,262,54,76,787,27,814
2021,,yes,high,885,160,86,65,689,6,694.5
2020,,yes,normal,630,109,46,160,470,19,489
2010,nh,yes,normal,959,204,71,51,755,24,778.5
2021,,yes,less,669,200,45,78,580,21,600.5
2018,sh,yes,normal,539,204,58,132,532,28,559.5
2010,nh,yes,normal,317,227,30,99,416,9,424.5
2013,,yes,high,100,222,55,59,327,27,354
2013,nh,yes,less,629,134,37,76,486,14,499.5
2010,nh,yes,high,486,149,49,130,441,9,450
2024,sh,yes,normal,685,296,57,158,696,28,723.5
2020,sh,yes,less,453,223,60,175,510,28,537.5
2021,,yes,high,743,189,96,50,657,7,663.5
2017,nh,yes,less,321,111,23,60,295,24,318.5
2013,,yes,high,875,147,53,173,638,14,651.5
2020,,yes,normal,858,198,87,117,714,26,740
2019,nh,yes,normal,481,289,74,66,604,30,633.5
2010,sh,yes,normal,999,180,38,153,718,24,741.5
2019,sh,yes,normal,963,163,34,139,679,12,690.5
2023,,yes,less,887,218,87,118,749,24,772.5
2019,,yes,less,278,160,52,73,351,14,365
2012,nh,yes,high,580,205,23,116,518,19,537
2014,,yes,high,768,151,43,75,578,21,599
2018,nh,yes,normal,372,192,95,152,473,9,482
2023,,yes,normal,180,134,59,139,283,5,288
2018,sh,yes,normal,583,135,70,174,497,17,513.5
2024,sh,yes,less,560,290,33,131,603,7,610
2017,,yes,high,128,207,64,181,335,20,355
2015,nh,yes,normal,158,113,64,160,256,14,270
2022,nh,yes,less,574,184,66,107,537,21,558
2010,sh,yes,high,477,116,82,55,437,6,442.5
2022,,yes,high,517,186,82,55,527,30,556.5
2013,,yes,normal,935,286,60,113,814,30,843.5
2013,,yes,high,103,118,33,55,203,19,221.5
2015,,yes,normal,721,113,65,134,539,29,567.5
2015,nh,yes,normal,918,136,45,159,640,11,651
2015,,yes,less,852,122,59,175,607,14,621
2019,,yes,high,840,226,94,173,740,9,749
2017,nh,yes,normal,350,152,52,173,379,30,409
2016,sh,yes,normal,716,224,94,127,676,6,682
2022,nh,yes,high,477,195,73,195,507,13,519.5
2012,nh,yes,less,395,222,75,56,495,24,518.5
2015,sh,yes,high,493,128,48,170,423,27,449.5
2023,sh,yes,less,181,293,95,193,479,20,498.5
2024,,yes,high,341,232,77,91,480,6,485.5
2019,,yes,less,977,281,50,122,820,28,847.5
2015,nh,yes,less,182,152,46,116,289,11,300
2023,sh,yes,high,854,252,97,186,776,15,791
2024,sh,yes,normal,661,112,74,128,517,16,532.5
2016,,yes,normal,440,116,76,106,412,17,429
2014,sh,yes,less,497,104,25,190,378,18,395.5
2020,sh,yes,normal,991,275,84,117,855,30,884.5
2022,,yes,high,332,191,89,99,446,6,452
2016,,yes,less,927,120,35,133,619,23,641.5
2010,nh,yes,normal,980,225,87,198,802,9,811
2023,sh,yes,less,633,130,93,151,540,11,550.5
2023,sh,yes,less,976,230,47,198,765,24,789
2019,sh,yes,less,234,133,69,175,319,21,340
2020,sh,yes,normal,306,229,38,94,420,6,426
2024,sh,yes,normal,993,268,32,73,797,22,818.5
2020,,yes,normal,757,243,98,156,720,12,731.5
2022,,yes,normal,995,205,36,86,739,19,757.5
2014,nh,yes,less,127,292,60,200,416,27,442.5
2015,sh,yes,less,182,280,77,110,448,15,463
2017,,yes,less,990,281,74,129,850,14,864
2012,sh,yes,less,617,192,56,161,557,9,565.5
2021,nh,yes,normal,549,180,79,119,534,18,551.5
2021,nh,yes,less,591,288,92,117,676,21,696.5
2020,,yes,high,550,296,34,123,605,22,627
2019,nh,yes,normal,912,181,22,114,659,22,681
2018,nh,yes,less,384,224,95,114,511,18,529
2017,,yes,normal,620,132,45,54,487,18,505
2011,,yes,normal,774,200,85,139,672,23,695
2014,nh,yes,high,951,126,48,51,650,10,659.5
2010,nh,yes,less,901,201,27,50,679,5,683.5
2012,nh,yes,high,908,176,41,137,671,13,684
2015,nh,yes,less,301,202,42,67,395,25,419.5
2024,nh,yes,normal,891,193,37,149,676,24,699.5
2017,sh,yes,less,927,111,59,162,634,5,638.5
2018,nh,yes,normal,676,107,59,100,504,8,512
2023,nh,yes,high,385,147,66,143,406,29,434.5
2012,sh,yes,high,949,286,20,118,781,18,798.5
2011,nh,yes,high,648,286,52,120,662,29,691
2014,nh,yes,high,330,161,37,128,363,29,392
2022,,yes,high,701,265,44,194,660,7,666.5
2021,sh,yes,normal,330,190,70,83,425,30,455
2022,nh,yes,high,941,288,80,71,839,6,844.5
2012,nh,yes,less,507,231,82,165,567,7,573.5
2021,,yes,normal,592,132,96,81,524,22,546
2023,,yes,normal,986,186,95,154,774,12,786
2017,nh,yes,normal,424,287,58,67,557,5,562
2012,sh,yes,less,275,250,76,167,464,9,472.5
2020,,yes,less,243,247,32,143,401,11,411.5
2024,sh,yes,high,604,239,28,185,569,22,591
2016,sh,yes,normal,427,241,47,76,502,20,521.5
2012,nh,yes,less,749,270,74,82,719,5,723.5
2012,nh,yes,normal,238,107,60,109,286,24,310
2015,sh,yes,less,504,216,62,162,530,8,538
2016,,yes,less,671,147,24,172,507,19,525.5
2016,sh,yes,normal,500,275,66,119,591,19,610
2024,sh,yes,less,193,240,79,56,416,22,437.5
2022,sh,yes,high,611,106,20,65,432,25,456.5
2023,nh,yes,normal,109,201,86,103,342,28,369.5
2022,nh,yes,high,709,160,93,96,608,25,632.5
2017,nh,yes,normal,460,183,23,122,436,18,454
2021,,yes,less,823,249,46,193,707,19,725.5
2016,sh,yes,high,881,119,93,67,653,22,674.5
2010,sh,yes,high,428,201,22,64,437,6,443
2023,,yes,normal,483,198,57,145,497,15,511.5
2010,,yes,less,698,161,89,109,599,15,614
2020,nh,yes,normal,656,176,32,123,536,21,557
2010,,yes,normal,970,257,61,190,803,30,833
2018,sh,yes,less,466,228,36,69,497,23,520
2011,,yes,less,454,250,36,124,513,11,524
2016,,yes,high,770,176,52,102,613,19,632
2019,sh,yes,normal,734,110,77,54,554,28,582
2021,,yes,normal,566,238,23,139,544,6,550
2014,,yes,normal,481,263,86,84,590,24,613.5
2010,,yes,high,955,261,92,169,831,6,836.5
2010,sh,yes,normal,436,258,48,94,524,21,545
2022,sh,yes,less,956,209,93,152,780,24,804
2022,nh,yes,high,867,103,66,163,603,10,612.5
2024,sh,yes,normal,430,153,96,62,464,27,491
2017,,yes,normal,205,136,31,135,270,22,291.5
2015,nh,yes,high,186,193,51,102,337,8,345
2024,nh,yes,high,363,268,65,173,515,11,525.5
2020,,yes,less,409,279,55,107,539,13,551.5
2011,sh,yes,high,538,119,43,72,431,15,446
2015,,yes,less,252,299,70,80,495,23,518
2022,nh,yes,normal,339,106,81,178,357,25,381.5
2017,,yes,high,663,274,26,114,632,16,647.5
2018,,yes,less,403,227,51,125,480,18,497.5
2021,nh,yes,high,894,159,74,148,680,9,689
2011,sh,yes,normal,268,217,72,137,423,5,428
2019,,yes,less,932,249,38,102,753,13,766
2014,nh,yes,high,846,165,48,151,636,25,661
2012,sh,yes,less,733,242,29,114,638,15,652.5
2013,nh,yes,normal,323,256,43,200,461,10,470.5
2010,,yes,normal,510,228,63,64,546,5,551
2015,nh,yes,less,854,132,74,182,633,5,638
2016,nh,yes,high,612,153,31,179,490,7,497
2014,,yes,normal,970,245,65,192,795,19,814
2023,sh,yes,normal,199,129,95,93,324,27,350.5
2019,sh,yes,less,640,230,28,59,578,27,605
2019,,yes,less,432,235,90,176,541,6,547
2020,sh,yes,high,918,282,25,196,766,9,775
2022,nh,yes,less,139,202,45,88,317,19,335.5
2021,sh,yes,less,365,278,38,180,499,8,506.5
2011,,yes,high,235,204,30,111,352,22,373.5
2022,,yes,less,851,236,47,143,709,11,719.5
2013,sh,yes,high,363,217,37,118,436,12,447.5
2023,nh,yes,normal,511,219,49,76,524,22,545.5
2014,,yes,less,632,242,43,191,601,24,625
2015,,yes,normal,472,183,55,84,474,14,488
2018,nh,yes,high,106,112,66,143,231,16,247
2013,sh,yes,high,762,244,98,170,723,6,729
2024,sh,yes,normal,610,260,35,185,600,17,617
2019,,yes,high,836,185,99,164,702,26,728
2012,nh,yes,high,996,255,95,139,848,23,871
2010,sh,yes,less,295,175,54,95,377,18,394.5
2010,sh,yes,normal,960,288,55,181,823,21,844
2012,sh,yes,high,133,278,58,51,403,17,419.5
2023,,yes,less,852,142,91,145,659,12,671
2018,,yes,high,618,257,21,116,587,10,597
2018,nh,yes,less,248,187,92,68,403,6,409
2014,sh,yes,less,401,118,50,195,369,27,395.5
2016,,yes,normal,775,258,61,106,707,23,729.5
2016,nh,yes,high,211,199,48,78,353,28,380.5
2010,sh,yes,normal,233,130,62,106,309,10,318.5
2021,sh,yes,normal,382,281,69,137,541,20,561
2013,nh,yes,high,206,217,72,100,392,7,399
2024,,yes,high,735,242,39,74,649,24,672.5
2024,sh,yes,normal,609,192,87,178,584,29,612.5
2015,,yes,less,369,138,43,160,366,21,386.5
2017,sh,yes,less,794,196,50,176,643,22,665
2021,,yes,normal,129,112,60,143,237,6,242.5
2020,sh,yes,less,595,142,60,165,500,26,525.5
2011,sh,yes,less,515,262,54,52,574,28,601.5
2015,sh,yes,normal,767,236,21,189,641,28,668.5
2022,,yes,less,870,155,39,94,629,10,639
2024,,yes,normal,149,101,84,170,260,14,273.5
2016,sh,yes,normal,762,291,73,123,745,19,764
2018,,yes,less,249,223,50,71,398,11,408.5
2023,,yes,high,275,168,50,193,356,8,363.5
2016,sh,yes,less,956,256,40,184,774,12,786
2016,sh,yes,less,120,280,76,165,416,17,433
2018,,yes,normal,233,114,37,62,268,14,281.5
2015,nh,yes,normal,661,257,87,150,675,27,701.5
2024,sh,yes,normal,400,159,82,85,441,10,451
2014,,yes,normal,232,294,26,73,436,6,442
2017,sh,yes,less,946,177,76,154,726,12,738
2011,nh,yes,high,565,276,94,119,653,18,670.5
2017,,yes,normal,650,230,62,118,617,12,629
2010,nh,yes,less,119,245,43,110,348,16,363.5
2023,sh,yes,less,152,146,90,147,312,14,326
2012,,yes,less,660,106,61,55,497,19,516
2014,nh,yes,less,795,245,94,86,737,24,760.5
2019,sh,yes,less,434,126,41,174,384,27,411
2014,,yes,less,507,168,88,174,510,8,517.5
2011,,yes,less,831,297,26,119,739,5,743.5
2016,nh,yes,normal,807,129,24,160,557,11,567.5
2010,sh,yes,less,692,113,59,96,518,8,526
2014,sh,yes,high,900,178,86,62,714,16,730
2015,nh,yes,less,380,144,91,59,425,18,443
2014,sh,yes,normal,207,120,34,78,258,8,265.5
2013,sh,yes,less,708,271,58,155,683,30,713
2015,,yes,normal,111,168,97,151,321,16,336.5
2015,,yes,high,553,132,66,186,475,18,492.5
2024,,yes,normal,523,162,70,138,494,30,523.5
2023,sh,yes,normal,383,247,89,107,528,10,537.5
2017,nh,yes,normal,490,153,58,152,456,30,486
2021,nh,yes,normal,193,263,57,124,417,29,445.5
2011,nh,yes,high,924,195,74,115,731,5,736
2017,sh,yes,normal,861,183,61,122,675,7,681.5
2023,sh,yes,less,524,191,100,87,553,27,580
2016,,yes,high,676,265,64,189,667,6,673
2010,nh,yes,normal,597,154,40,153,493,13,505.5
2024,nh,yes,high,823,239,78,149,729,8,736.5
2022,,yes,high,882,186,61,134,688,12,700
2014,nh,yes,less,718,250,67,176,676,12,688
2017,,yes,high,975,219,85,83,792,13,804.5
2015,nh,yes,normal,494,209,61,198,517,30,547
2019,sh,yes,less,407,282,84,191,570,5,574.5
2014,nh,yes,high,574,143,40,153,470,6,476
2024,nh,yes,normal,559,123,57,139,460,30,489.5
2017,,yes,normal,463,279,50,156,561,21,581.5
2014,nh,yes,normal,120,179,55,106,294,12,306
2020,nh,yes,high,262,207,24,137,362,5,367
2015,sh,yes,normal,189,255,97,141,447,23,469.5
2024,,yes,high,181,148,100,104,339,14,352.5
2023,sh,yes,less,729,222,84,127,671,28,698.5
2021,,yes,high,115,195,79,80,332,19,350.5
2023,nh,yes,less,447,115,55,184,394,9,402.5
2018,nh,yes,less,519,252,100,177,612,8,619.5
2024,sh,yes,high,117,149,58,50,266,12,277.5
2016,nh,yes,normal,475,150,74,73,462,30,491.5
2011,sh,yes,normal,802,113,30,61,544,8,552
2020,sh,yes,high,355,225,28,188,431,25,455.5
2013,,yes,less,340,229,43,183,442,11,453
2022,,yes,less,346,272,39,156,484,5,489
2019,sh,yes,high,817,168,44,115,621,19,639.5
2022,sh,yes,high,672,262,25,193,623,11,634
2019,nh,yes,less,376,289,46,113,523,17,540
2014,sh,yes,less,859,252,21,165,703,14,716.5
2017,,yes,high,245,218,93,198,434,20,453.5
2018,nh,yes,high,967,208,64,121,756,18,773.5
2018,sh,yes,less,431,108,58,154,382,7,388.5
2010,sh,yes,high,900,159,67,121,676,17,693
2010,,yes,normal,850,174,68,72,667,20,687
2015,,yes,high,124,105,29,85,196,14,210
2024,,yes,normal,305,167,76,108,396,13,408.5
2012,nh,yes,normal,565,178,39,125,500,19,518.5
2010,,yes,less,801,101,89,128,591,7,597.5
2021,nh,yes,normal,124,251,36,129,349,27,376
2020,nh,yes,high,639,172,21,62,513,30,542.5
2012,,yes,high,899,126,61,159,637,15,651.5
2012,,yes,normal,133,240,36,138,343,16,358.5
2019,,yes,normal,674,216,73,99,626,21,647
2011,,yes,normal,124,107,29,137,198,27,225
2011,,yes,high,421,139,33,95,383,21,403.5
2012,,yes,less,798,268,96,198,763,30,793
2017,nh,yes,normal,586,260,84,57,637,28,665
2017,nh,yes,normal,496,252,39,122,539,23,562
2014,sh,yes,less,786,204,82,105,679,30,709
2017,sh,yes,high,735,186,93,51,647,21,667.5
2021,,yes,normal,378,264,96,80,549,28,577
2021,sh,yes,high,718,140,57,167,556,9,565
2021,nh,yes,less,776,124,78,177,590,22,612
2014,nh,yes,high,683,235,83,142,660,20,679.5
2024,,yes,high,752,198,33,95,607,8,615
2013,,yes,high,935,206,64,190,738,18,755.5
2020,nh,yes,normal,263,196,45,132,373,12,384.5
2012,nh,yes,normal,783,241,40,126,673,24,696.5
2022,,yes,normal,441,222,64,54,507,16,522.5
2015,sh,yes,normal,142,223,75,67,369,14,383
2021,,yes,normal,583,132,43,196,467,19,485.5
2012,nh,yes,less,561,199,62,184,542,11,552.5
2020,,yes,normal,817,218,75,176,702,12,713.5
2023,nh,yes,normal,134,122,81,172,270,22,292
2015,nh,yes,less,350,239,100,173,514,11,525
2015,nh,yes,normal,943,236,81,165,789,17,805.5
2016,,yes,normal,352,119,81,79,376,13,389
2016,,yes,normal,393,208,91,180,496,7,502.5
2021,,yes,less,684,233,42,149,617,6,623
2014,nh,yes,normal,241,231,76,181,428,14,441.5
2018,,yes,normal,971,138,74,59,698,13,710.5
2015,nh,yes,normal,447,291,29,124,544,12,555.5
2022,,yes,high,771,198,53,144,637,16,652.5
2013,,yes,less,865,117,92,51,642,16,657.5
2011,nh,yes,normal,935,225,36,187,729,14,742.5
2011,sh,yes,normal,882,155,92,74,688,27,715
2018,,yes,less,865,177,79,169,689,24,712.5
2015,,yes,normal,242,249,61,143,431,25,456
2012,sh,no,less,650,149,86,108,560,21,581
2018,sh,no,high,373,159,34,136,380,21,400.5
2016,nh,no,normal,187,184,47,200,325,8,332.5
2019,nh,no,high,576,185,36,178,509,18,527
2012,sh,no,normal,759,124,72,67,576,26,601.5
2024,sh,no,normal,736,299,87,80,754,7,761
2013,,no,high,878,287,63,130,789,8,797
2018,nh,no,less,774,246,33,140,666,8,674
2021,nh,no,high,889,232,39,139,716,26,741.5
2012,,no,normal,957,254,75,196,808,9,816.5
2020,nh,no,normal,979,184,46,137,720,6,725.5
2011,sh,no,high,666,124,100,81,557,27,584
2011,sh,no,normal,589,189,80,105,564,25,588.5
2024,sh,no,less,998,167,80,196,746,26,772
2018,nh,no,less,525,278,65,176,606,13,618.5
2011,nh,no,less,469,157,97,137,489,19,507.5
2013,nh,no,normal,774,193,57,171,637,25,662
2015,nh,yes,normal,200,158,85,149,343,13,356
2023,,no,less,354,124,52,196,353,14,367
2021,,yes,less,326,225,41,170,429,25,454
2020,,no,less,268,240,42,157,416,21,437
2014,sh,yes,normal,484,108,72,195,422,15,437
2011,nh,yes,less,246,107,74,108,304,17,321
2019,,yes,less,792,273,90,168,759,17,776
2016,nh,yes,high,384,188,42,88,422,11,433
2017,nh,yes,high,505,240,99,86,592,22,613.5
2019,,no,high,248,176,60,74,360,22,382
2018,nh,yes,high,592,121,92,177,509,30,539
2021,sh,yes,normal,145,181,28,167,282,15,296.5
2022,,yes,normal,831,150,93,189,659,5,663.5
2017,,yes,less,772,151,56,156,593,28,621
2021,nh,yes,normal,673,258,52,106,647,5,651.5
2021,,yes,normal,895,126,37,190,611,14,624.5
2015,,yes,less,235,240,28,75,386,6,391.5
2010,nh,yes,high,937,104,50,152,623,8,630.5
2012,,yes,normal,177,196,29,100,314,9,322.5
2022,sh,yes,normal,126,152,55,149,270,15,285
2019,nh,yes,less,620,259,100,174,669,20,689
2022,sh,yes,normal,965,161,65,116,709,30,738.5
2017,,yes,less,173,203,66,107,356,21,376.5
2012,nh,yes,less,527,196,83,165,543,21,563.5
2011,sh,yes,less,562,178,23,132,482,23,505
2022,,yes,high,351,163,88,146,427,30,456.5
2021,nh,yes,high,736,222,98,138,688,28,716
2012,,yes,normal,796,296,38,150,732,23,755
2013,,yes,normal,543,271,65,197,608,7,614.5
2013,nh,yes,normal,671,213,62,125,611,19,629.5
2018,,yes,normal,903,146,37,102,635,18,652.5
2019,,yes,less,365,122,84,114,389,27,415.5
2016,,yes,normal,458,126,52,79,407,9,416
2020,nh,yes,high,641,115,24,125,460,25,484.5
2010,nh,yes,high,824,202,98,162,712,8,720
2016,nh,yes,less,550,205,84,152,564,24,588
2015,sh,yes,normal,657,276,66,195,671,6,676.5
2022,nh,yes,high,938,278,45,119,792,6,798
2016,sh,yes,less,977,111,79,83,679,22,700.5
2012,sh,yes,less,484,225,41,64,508,30,538
2022,sh,yes,high,584,129,76,150,497,19,516
2020,sh,yes,less,609,189,40,179,534,19,552.5
2010,,yes,high,427,112,34,58,360,26,385.5
2022,nh,yes,high,629,257,23,157,595,11,605.5
2019,nh,yes,normal,866,260,75,129,768,20,788
2021,nh,no,less,237,256,89,158,464,16,479.5
2023,sh,no,normal,765,162,81,96,626,26,651.5
2023,,no,high,730,261,31,195,657,25,682
2013,,no,high,178,299,75,72,463,11,474
2022,nh,no,less,741,167,23,122,561,12,572.5
2011,sh,no,less,343,262,83,73,517,30,546.5
2015,sh,no,high,312,279,23,56,458,29,487
2017,sh,no,normal,792,187,98,147,681,12,693
2014,nh,no,normal,865,246,61,96,740,14,753.5
2016,nh,no,high,762,185,66,140,632,26,658
2010,sh,yes,high,387,150,62,184,406,8,413.5
2011,sh,yes,normal,135,206,67,113,341,19,359.5
2022,,yes,less,906,168,64,111,685,11,696
2023,nh,yes,high,695,122,23,149,493,21,513.5
2022,,yes,high,506,166,72,139,491,8,499
2016,nh,yes,normal,843,224,27,200,673,15,687.5
2023,nh,no,normal,539,104,77,99,451,14,464.5
2018,,no,normal,843,122,43,122,587,28,614.5
2022,,yes,normal,908,190,96,136,740,21,761
2015,sh,yes,high,658,237,37,183,603,30,633
2018,nh,yes,normal,381,295,63,182,549,21,569.5
2018,,yes,normal,384,259,36,104,487,27,514
2023,nh,yes,normal,233,144,62,138,323,28,350.5
2020,nh,yes,normal,782,226,35,65,652,15,667
2018,nh,yes,normal,688,288,29,58,661,7,668
2018,,yes,normal,785,251,66,177,710,25,734.5
2017,nh,yes,high,614,133,30,119,470,21,491
2015,nh,yes,normal,170,175,53,133,313,15,328
2019,sh,yes,high,889,257,29,141,731,27,757.5
2014,,yes,normal,823,200,93,85,705,25,729.5
2019,nh,yes,normal,411,144,39,199,389,27,415.5
2018,,yes,less,166,145,83,58,311,17,328
2021,sh,yes,high,762,299,20,196,700,10,710
2014,sh,yes,less,600,118,37,51,455,29,484
2011,nh,yes,high,621,116,73,81,500,28,527.5
2017,sh,yes,normal,846,257,92,72,772,6,778
2010,,yes,normal,714,134,58,62,549,9,558
2011,sh,yes,high,533,238,21,109,526,17,542.5
2014,nh,yes,high,368,113,73,68,370,9,379
2013,,yes,less,778,226,37,54,652,22,674
2013,sh,yes,normal,276,265,34,112,437,27,464
2014,sh,yes,normal,498,265,71,112,585,23,608
2016,nh,yes,less,559,104,80,199,464,23,486.5
2011,,yes,less,641,106,68,149,495,16,510.5
2012,sh,yes,less,359,226,86,154,492,7,498.5
2011,,yes,normal,221,103,57,55,271,16,286.5
2015,sh,yes,high,788,278,30,66,702,26,728
2017,sh,yes,less,343,219,58,90,449,13,461.5
2021,sh,yes,high,403,268,77,81,547,6,552.5
2024,nh,yes,less,655,184,31,109,543,25,567.5
2017,nh,yes,high,232,214,28,185,358,21,379
2011,nh,yes,high,978,245,51,136,785,17,802
2017,sh,yes,normal,635,110,28,166,456,30,485.5
2017,sh,no,less,100,229,45,143,324,23,347
2020,,no,less,570,116,53,85,454,29,483
2014,sh,no,normal,356,262,98,112,538,25,563
2013,nh,yes,less,583,140,45,123,477,30,506.5
2012,sh,yes,less,180,101,65,112,256,24,280
2010,,yes,less,551,108,97,142,481,13,493.5
2012,sh,yes,high,423,185,38,71,435,24,458.5
2022,nh,yes,less,851,164,86,105,676,17,692.5
2024,sh,yes,less,232,170,66,161,352,23,375
2023,nh,yes,high,329,150,52,178,367,20,386.5
2015,nh,yes,normal,652,236,48,101,610,5,615
2013,sh,yes,high,892,219,93,126,758,18,776
2020,nh,yes,less,288,256,98,186,498,10,508
2011,nh,yes,less,768,101,69,91,554,10,564
2024,sh,yes,less,411,136,61,53,403,6,408.5
2019,,yes,normal,211,250,25,179,381,13,393.5
2014,sh,yes,normal,621,186,89,170,586,27,612.5
2023,nh,yes,less,349,194,27,143,396,23,418.5
2018,,yes,less,248,144,64,184,332,20,352
2015,sh,yes,normal,896,119,32,83,599,24,623
2019,sh,yes,normal,671,225,40,61,601,26,626.5
2022,nh,yes,less,845,267,27,183,717,16,732.5
2017,sh,yes,high,476,139,43,183,420,14,434
2019,,yes,less,315,202,72,54,432,11,442.5
2018,,yes,high,499,287,31,179,568,10,577.5
2021,nh,yes,high,223,283,70,112,465,22,486.5
2021,sh,yes,normal,663,189,81,148,602,25,626.5
2020,nh,yes,high,733,298,96,122,761,16,776.5
2023,,yes,normal,327,296,72,69,532,27,558.5
2024,,yes,less,402,109,79,192,389,14,403
2020,nh,yes,less,820,116,65,122,591,20,611
2023,nh,yes,high,210,253,72,95,430,14,444
2022,nh,yes,normal,487,150,70,69,464,21,484.5
2012,nh,yes,less,772,288,22,104,696,12,708
2022,nh,yes,less,306,291,64,118,508,21,529
2017,sh,yes,less,879,129,90,170,659,18,676.5
2016,nh,yes,high,809,132,80,90,617,23,639.5
2010,sh,yes,less,406,263,96,172,562,19,581
2021,sh,yes,high,195,258,87,161,443,9,451.5
2013,nh,yes,less,383,199,68,154,459,6,464.5
2023,nh,yes,less,588,198,43,66,535,23,558
2015,sh,yes,high,531,206,25,145,497,6,502.5
2013,nh,yes,normal,938,289,44,189,802,12,814
2011,,yes,high,134,163,50,163,280,9,289
2016,,yes,high,751,281,90,57,747,24,770.5
2010,nh,yes,high,672,294,61,173,691,21,712
2022,nh,yes,less,363,182,52,69,416,20,435.5
2010,,yes,normal,679,289,69,163,698,27,724.5
2023,sh,yes,high,398,109,52,59,360,8,368
2011,sh,yes,less,309,150,99,126,404,15,418.5
2017,sh,no,less,884,255,28,175,725,13,738
2013,,no,high,748,118,39,177,531,9,540
2013,nh,no,less,445,215,87,172,525,7,531.5
2022,nh,no,normal,938,244,21,186,734,21,755
2024,sh,no,normal,490,169,85,166,499,24,523
2021,,no,normal,544,105,83,120,460,6,466
2013,sh,yes,less,229,231,56,186,402,6,407.5
2018,sh,yes,less,960,151,53,175,684,17,701
2017,sh,yes,less,429,268,89,185,572,6,577.5
2012,,yes,normal,627,278,54,142,646,23,668.5
2012,nh,yes,normal,545,256,53,134,582,18,599.5
2013,nh,yes,high,488,153,48,170,445,8,453
2016,sh,yes,less,756,178,24,109,580,21,601
2010,nh,yes,normal,114,108,98,120,263,22,285
2023,nh,yes,normal,636,210,36,82,564,9,573
2022,nh,yes,less,403,221,71,156,494,27,520.5
2014,sh,yes,less,480,300,64,67,604,8,612
2012,sh,yes,less,700,226,61,196,637,21,658
2016,nh,yes,high,342,101,82,118,354,23,377
2014,nh,yes,less,187,136,68,187,298,19,316.5
2024,sh,yes,normal,534,155,56,86,478,11,489
2016,nh,yes,high,488,182,87,82,513,11,524
2021,nh,yes,high,889,128,99,77,672,7,678.5
2017,sh,yes,normal,752,213,62,199,651,9,660
2015,nh,yes,less,299,277,72,135,499,23,521.5
2016,sh,yes,normal,658,167,77,164,573,16,589
2012,sh,yes,less,443,135,55,82,412,24,435.5
2024,sh,yes,normal,127,196,22,65,282,26,307.5
2012,nh,yes,normal,297,194,87,182,430,13,442.5
2012,sh,yes,less,978,129,64,186,682,7,689
2015,nh,yes,high,656,197,72,113,597,19,616
2013,sh,yes,normal,244,159,41,50,322,11,333
2020,sh,yes,high,468,135,39,84,408,14,422
2014,sh,yes,high,603,157,77,152,536,8,543.5
2024,,yes,high,749,147,22,147,544,27,570.5
2012,,no,high,890,137,87,152,669,9,678
2017,nh,no,high,257,139,34,164,302,25,326.5
2023,sh,no,less,185,299,95,198,487,8,494.5
2017,nh,no,less,874,186,71,52,694,11,705
2023,,no,less,458,293,28,135,550,17,567
2011,,no,high,729,159,80,177,604,29,632.5
2018,sh,no,high,231,223,30,194,369,7,375.5
2014,nh,no,less,792,200,65,80,661,7,668
2015,,no,normal,895,170,69,59,687,7,693.5
2018,,no,less,938,153,87,150,709,18,727
2015,,no,normal,630,275,64,63,654,16,670
2020,nh,no,normal,403,127,61,97,390,27,416.5
2016,nh,no,high,475,128,90,129,456,14,469.5
2020,sh,yes,less,189,149,50,75,294,14,307.5
2023,sh,yes,less,655,183,48,189,559,24,582.5
2017,nh,no,less,343,105,48,63,325,21,345.5
2017,sh,yes,less,452,290,30,102,546,26,572
2023,,yes,normal,645,161,27,89,511,13,523.5
2013,sh,yes,less,390,101,43,177,339,20,359
2014,,yes,high,181,173,86,114,350,28,377.5
2012,nh,yes,normal,827,118,27,132,559,23,581.5
2015,,yes,less,159,222,29,154,331,28,358.5
2016,nh,yes,normal,131,203,34,84,303,29,331.5
2010,sh,yes,normal,815,176,47,109,631,27,657.5
2014,sh,yes,less,240,179,87,121,386,9,395
2020,nh,yes,high,920,144,28,165,632,17,649
2011,,yes,less,143,205,68,74,345,26,370.5
2019,,yes,high,496,163,47,167,458,27,485
2014,,yes,less,387,162,67,146,423,21,443.5
2019,,yes,normal,403,124,68,180,394,22,415.5
2018,nh,yes,high,286,285,95,152,523,11,534
2015,,yes,less,324,205,57,173,424,10,434
2022,sh,yes,less,360,107,95,95,382,15,397
2010,sh,yes,high,696,274,34,55,656,8,664
2023,,yes,less,731,186,90,163,642,18,659.5
2021,sh,yes,high,722,186,50,187,597,29,626
2014,nh,yes,high,903,214,24,107,690,9,698.5
2010,sh,yes,normal,410,191,41,166,437,5,442
2020,,yes,high,833,243,38,164,698,13,710.5
2015,sh,yes,high,785,142,34,154,569,14,582.5
2015,nh,yes,less,278,250,37,107,426,19,445
2015,,yes,normal,560,184,41,108,505,18,523
2019,nh,yes,normal,790,214,35,179,644,8,652
2019,,yes,high,845,295,39,122,757,19,775.5
2015,,yes,high,366,273,85,99,541,17,558
2013,nh,yes,less,550,214,46,58,535,10,545
2019,,yes,normal,291,100,92,53,338,26,363.5
2017,nh,yes,normal,568,218,47,158,549,5,554
2010,,yes,high,636,255,46,132,619,9,628
2022,,yes,high,304,187,77,110,416,27,443
2017,nh,yes,normal,462,186,95,135,512,27,539
2023,sh,yes,high,395,255,21,90,474,7,480.5
2013,,yes,less,276,114,63,141,315,18,333
2019,sh,yes,high,141,117,47,134,235,23,257.5
2010,sh,yes,less,600,199,30,165,529,23,552
2019,nh,yes,normal,243,235,94,55,451,17,467.5
2012,sh,yes,less,996,114,56,140,668,11,679
2011,nh,yes,high,622,206,77,195,594,11,605
2019,nh,yes,high,460,136,94,169,460,9,469
2021,nh,yes,normal,440,156,74,192,450,27,477
2011,sh,no,high,511,232,62,55,550,10,559.5
2013,nh,no,high,582,203,88,176,582,15,597
2010,sh,no,less,570,197,73,99,555,29,584
2022,sh,no,normal,611,106,64,85,476,30,505.5
2014,sh,no,less,900,251,79,102,780,17,797
2021,,yes,less,519,214,51,67,525,16,540.5
2017,sh,yes,high,590,267,89,112,651,14,665
2013,nh,yes,normal,430,251,61,58,527,9,536
2016,,yes,high,223,203,64,171,379,25,403.5
2010,,yes,normal,695,171,68,87,587,13,599.5
2012,sh,yes,high,605,150,27,106,480,8,487.5
2019,nh,yes,high,806,153,31,98,587,19,606
2018,,yes,normal,691,191,97,167,634,5,638.5
2012,sh,yes,less,258,300,31,99,460,30,490
2011,sh,yes,normal,471,254,50,98,540,5,544.5
2016,sh,yes,high,253,239,88,150,454,25,478.5
2020,,yes,less,897,262,26,64,737,30,766.5
2012,nh,yes,normal,817,266,41,60,716,26,741.5
2020,nh,yes,less,890,194,51,151,690,7,697
2013,sh,yes,normal,275,268,90,116,496,29,524.5
2013,,yes,normal,829,219,80,65,714,27,740.5
2013,nh,yes,high,299,204,87,133,441,27,467.5
2010,nh,yes,less,737,211,35,118,615,28,642.5
2016,,yes,high,810,125,74,158,604,7,611
2022,sh,yes,high,121,250,72,54,383,30,412.5
2012,sh,yes,normal,305,274,40,94,467,11,477.5
2013,nh,yes,high,112,175,82,118,313,25,338
2013,nh,yes,normal,718,232,66,75,657,11,668
2010,sh,yes,less,708,157,87,87,598,19,617
2023,nh,yes,less,405,209,84,143,496,23,518.5
2010,sh,yes,high,501,140,84,97,475,18,492.5
2014,,yes,normal,968,277,53,171,814,20,834
2022,nh,yes,high,486,109,79,157,431,8,439
2022,nh,no,high,562,262,88,143,631,28,659
2014,nh,no,high,387,138,64,127,396,26,421.5
2019,,no,normal,548,113,41,74,428,27,455
2023,nh,no,high,809,268,84,58,757,13,769.5
2013,,no,normal,549,233,51,95,559,15,573.5
2010,nh,no,less,379,142,46,93,378,5,382.5
2017,sh,no,normal,484,281,87,123,610,8,618
2022,,no,normal,642,159,70,102,550,8,558
2015,,no,normal,328,196,32,189,392,29,421
2023,nh,no,less,570,268,90,159,643,13,656
2022,sh,no,normal,681,283,55,109,679,16,694.5
2018,nh,no,normal,418,155,46,139,410,22,432
2020,nh,no,normal,820,202,32,117,644,17,661
2021,nh,yes,less,302,214,91,76,456,6,462
2016,nh,yes,high,338,292,40,160,501,6,507
2016,nh,yes,normal,707,151,38,146,543,15,557.5
2013,sh,yes,normal,126,292,23,117,378,21,399
2018,sh,yes,normal,727,131,78,107,573,7,579.5
2022,nh,yes,less,392,250,42,186,488,12,500
2018,sh,yes,high,842,223,78,187,722,23,745
2022,sh,yes,normal,602,277,52,117,630,18,648
2023,,yes,less,226,223,79,70,415,8,423
2020,nh,yes,less,202,154,43,101,298,20,318
2024,,yes,high,616,196,53,185,557,11,568
2017,sh,yes,normal,339,251,42,96,463,9,471.5
2022,,yes,normal,736,131,45,116,544,11,555
2010,sh,yes,normal,425,250,70,149,533,22,554.5
2017,,yes,high,845,259,41,80,723,16,738.5
2020,sh,yes,less,164,100,28,55,210,21,231
2017,,yes,normal,258,197,47,134,373,26,399
2020,sh,yes,normal,686,213,31,120,587,11,598
2013,sh,yes,normal,465,232,38,184,503,27,529.5
2013,nh,yes,high,569,176,79,70,540,26,565.5
2010,sh,yes,normal,971,220,62,93,768,8,775.5
2018,nh,yes,normal,546,237,45,110,555,26,581
2022,nh,yes,normal,125,253,58,100,374,26,399.5
2021,nh,yes,normal,241,103,49,168,273,10,282.5
2016,,yes,normal,394,182,90,191,469,24,493
2019,,yes,normal,801,210,73,191,684,24,707.5
2020,nh,yes,less,706,176,26,108,555,11,566
2020,nh,yes,less,408,125,67,53,396,26,422
2024,sh,yes,high,429,159,55,93,429,19,447.5
2019,sh,yes,high,547,298,28,78,600,27,626.5
2023,,yes,less,664,202,46,94,580,7,587
2015,sh,yes,less,278,190,78,145,407,19,426
2024,sh,yes,normal,141,165,23,154,259,30,288.5
2022,nh,yes,normal,234,115,22,113,254,13,267
2017,sh,yes,less,501,116,71,135,438,5,442.5
2021,sh,yes,high,500,218,74,146,542,8,550
2014,sh,yes,normal,609,254,43,184,602,24,625.5
2013,sh,yes,normal,377,101,83,175,373,7,379.5
2015,sh,yes,less,575,119,22,198,429,28,456.5
2017,nh,yes,high,203,263,62,175,427,22,448.5
2013,,yes,normal,781,284,89,181,764,10,773.5
2016,nh,yes,normal,271,128,47,109,311,25,335.5
2021,nh,yes,high,306,148,77,157,378,30,408
2010,nh,yes,normal,870,245,83,181,763,15,778
2012,,yes,high,142,157,60,122,288,20,308
2016,nh,yes,high,996,134,29,157,661,18,679
2017,sh,yes,high,309,187,78,148,420,29,448.5
2019,,yes,less,708,222,74,55,650,17,667
2022,sh,yes,normal,592,211,83,168,590,20,610
2021,sh,yes,normal,165,294,69,54,446,27,472.5
2016,nh,yes,high,632,171,73,126,560,16,576
2014,nh,yes,less,575,171,30,80,489,10,498.5
2019,nh,yes,high,540,256,99,166,625,6,631
2010,sh,yes,less,497,157,77,79,483,19,501.5
2019,,yes,high,768,213,99,111,696,13,709
2018,sh,yes,normal,699,262,47,140,659,25,683.5
2018,,yes,normal,540,192,100,200,562,20,582
2021,sh,yes,less,755,166,87,194,631,25,655.5
2024,,yes,normal,332,230,59,83,455,12,467
2012,nh,yes,less,535,119,92,177,479,9,487.5
2019,,yes,less,220,108,61,106,279,16,295
2024,,yes,high,192,122,24,93,242,12,254
2016,,yes,normal,398,224,43,93,466,19,485
2019,sh,yes,less,528,172,63,195,499,23,522
2023,,yes,less,654,203,55,130,585,12,597
2011,,yes,high,406,127,83,177,413,10,423
2021,,yes,less,435,154,43,142,415,15,429.5
2016,sh,yes,normal,673,187,61,105,585,23,607.5
2019,nh,no,less,855,133,42,75,603,13,615.5
2013,sh,no,normal,655,252,51,140,631,28,658.5
2015,sh,no,less,629,121,65,193,501,25,525.5
2016,nh,no,high,816,220,58,71,686,13,699
2022,,no,less,288,257,60,113,461,28,489
2013,sh,no,high,123,270,25,147,357,25,381.5
2020,,no,normal,855,247,88,184,763,17,779.5
2016,nh,no,less,304,173,74,131,399,22,421
2011,sh,no,high,964,224,53,188,759,30,789
2015,sh,no,high,802,290,37,188,728,11,739
2015,nh,no,high,728,258,38,113,660,29,689
2010,nh,no,normal,729,167,94,171,626,27,652.5
2022,,no,high,157,242,68,63,389,18,406.5
2013,,no,high,220,250,57,137,417,7,424
2024,,no,high,403,215,20,92,437,30,466.5
2016,,no,high,915,234,66,57,758,25,782.5
2014,,no,high,984,131,77,165,700,7,707
2016,nh,no,less,879,142,44,198,626,27,652.5
2015,nh,no,high,420,147,73,117,430,6,436
2023,sh,yes,high,904,206,54,154,712,10,722
2017,sh,yes,less,160,269,73,141,422,22,444
2018,,yes,less,947,263,60,122,797,8,804.5
2017,sh,yes,high,143,261,25,142,358,9,366.5
2024,,yes,less,416,119,38,159,365,17,382
2022,nh,yes,normal,467,300,75,170,609,19,627.5
2023,sh,yes,less,981,217,92,50,800,18,817.5
2017,,yes,high,594,149,32,58,478,6,484
2013,nh,yes,high,982,260,32,149,783,19,802
2024,,yes,normal,821,248,45,81,704,11,714.5
2024,,yes,less,393,269,70,80,536,20,555.5
2015,,yes,normal,312,296,35,86,487,27,514
2018,,yes,high,659,227,61,99,618,18,635.5
2014,,yes,less,544,274,88,192,634,16,650
2018,nh,yes,less,554,284,22,142,583,24,607
2015,,yes,high,598,240,62,122,601,5,606
2019,nh,yes,normal,270,184,92,69,411,13,424
2022,nh,yes,normal,278,142,37,165,318,16,334
2013,sh,yes,less,654,195,58,132,580,12,592
2014,,yes,high,926,261,76,73,800,6,806
2016,nh,yes,less,143,267,47,59,386,18,403.5
2013,nh,yes,normal,820,216,57,121,683,24,707
2022,sh,yes,high,860,226,65,118,721,30,751
2011,sh,yes,normal,276,239,53,127,430,19,449
2018,,yes,less,555,235,40,59,553,22,574.5
2014,,yes,normal,891,199,48,145,693,24,716.5
2018,,yes,less,410,109,51,171,365,27,392
2012,,yes,normal,828,136,95,196,645,17,662
2015,,yes,normal,788,287,80,110,761,6,767
2010,sh,yes,high,791,258,81,69,735,25,759.5
2015,sh,yes,less,725,263,68,154,694,9,702.5
2015,sh,yes,high,195,162,64,84,324,16,339.5
2010,,yes,normal,680,272,41,195,653,10,663
2015,,yes,high,511,158,61,84,475,27,501.5
2013,,yes,high,667,106,83,90,523,22,544.5
2019,sh,yes,less,679,272,85,133,697,19,715.5
2021,nh,yes,high,267,290,35,76,459,21,479.5
2019,nh,yes,normal,469,289,43,62,567,22,588.5
2017,,yes,less,366,264,77,120,524,17,541
2024,nh,yes,high,559,174,33,111,487,25,511.5
2011,,yes,less,779,188,39,175,617,10,626.5
2024,nh,yes,normal,558,184,37,169,500,16,516
2013,sh,yes,high,900,125,86,113,661,27,688
2024,nh,yes,normal,107,123,42,59,219,24,242.5
2018,,yes,less,479,233,21,64,494,5,498.5
2023,sh,yes,normal,821,197,47,157,655,20,674.5
2013,nh,yes,less,744,195,71,182,638,22,660
2022,nh,yes,less,609,145,89,143,539,25,563.5
2018,,yes,high,800,142,81,130,623,5,628
2013,sh,yes,less,491,256,21,159,523,25,547.5
2022,nh,yes,high,325,132,95,80,390,6,395.5
2017,nh,yes,normal,695,148,59,79,555,14,568.5
2015,sh,yes,high,419,297,26,62,533,8,540.5
2013,nh,yes,normal,653,216,68,59,611,7,617.5
2013,sh,yes,normal,490,190,53,81,488,7,495
2011,,yes,high,711,257,28,66,641,8,648.5
2017,,yes,normal,819,127,69,119,606,18,623.5
2019,,yes,less,298,122,27,100,298,8,306
2018,nh,yes,less,117,282,65,77,406,20,425.5
2023,nh,yes,less,524,155,96,152,513,28,541
2017,nh,yes,high,396,283,92,186,573,5,578
2014,,yes,high,477,221,72,197,532,5,536.5
2014,,yes,high,690,174,75,63,594,29,623
2018,,yes,less,423,103,42,78,357,29,385.5
2020,sh,yes,less,184,136,69,137,297,29,326
2019,,yes,high,928,221,37,53,722,30,752
2021,,yes,high,309,214,56,63,425,10,434.5
2014,nh,yes,high,434,131,34,160,382,30,412
2021,,yes,less,506,251,31,130,535,28,563
2021,,yes,normal,590,175,99,112,569,19,588
2024,nh,yes,normal,716,247,37,137,642,18,660
2017,,yes,normal,762,285,55,158,721,23,744
2010,sh,yes,high,568,293,33,59,610,19,629
2019,,yes,high,769,225,59,162,669,18,686.5
2022,nh,yes,less,425,149,94,149,456,27,482.5
2024,,yes,normal,900,283,89,51,822,30,852
2018,nh,yes,less,877,166,82,51,687,30,716.5
2019,nh,yes,less,189,272,93,130,460,6,465.5
2023,sh,yes,less,838,192,61,176,672,22,694
2019,nh,yes,normal,449,156,58,50,439,26,464.5
2014,,yes,normal,579,137,76,172,503,25,527.5
2015,nh,yes,normal,287,264,48,52,456,13,468.5
2010,,yes,less,217,165,61,51,335,7,341.5
2020,,yes,high,535,244,25,102,537,21,557.5
2021,,yes,high,538,174,77,131,520,6,526
2019,nh,yes,less,889,205,43,110,693,24,716.5
2018,sh,yes,less,172,144,78,178,308,28,336
2017,,yes,high,415,229,36,109,473,8,480.5
2015,sh,yes,normal,505,225,55,179,533,11,543.5
2017,,yes,high,121,147,52,112,260,6,265.5
2015,sh,yes,normal,275,157,63,118,358,24,381.5
2018,nh,yes,normal,419,286,55,87,551,12,562.5
2023,,yes,less,705,248,21,79,622,11,632.5
2012,sh,yes,less,306,290,40,56,483,29,512
2010,nh,yes,less,564,113,56,123,451,15,466
2012,,yes,less,599,214,92,153,606,25,630.5
2023,nh,yes,less,100,222,39,142,311,12,323
2023,sh,yes,normal,220,113,73,166,296,17,313
2022,,yes,high,867,102,56,178,592,13,604.5
2021,nh,yes,less,732,283,30,196,679,23,702
2014,sh,yes,less,641,109,98,178,528,21,548.5
2010,,yes,less,970,258,20,154,763,18,781
2015,sh,yes,normal,671,174,65,111,575,16,590.5
2011,sh,yes,high,912,290,29,71,775,25,800
2023,nh,yes,less,855,166,51,108,645,30,674.5
2018,nh,yes,less,993,246,25,54,768,22,789.5
2013,sh,yes,high,262,264,21,184,416,17,433
2020,,yes,normal,934,220,89,171,776,23,799
2013,sh,yes,high,765,109,42,169,534,24,557.5
2016,,no,high,487,228,63,185,535,22,556.5
2019,nh,no,normal,861,285,99,184,815,26,840.5
2015,nh,no,normal,627,270,87,108,671,11,681.5
2024,,no,normal,782,252,59,68,702,18,720
2022,,yes,less,250,187,39,70,351,12,363
2018,,yes,normal,246,242,28,164,393,13,406
